Parameter,Value,Status
Target Protein & Engine,Sample Target (AlphaFold2),PASS
Total Residues,150 residues,PASS
Mean pLDDT,84.55 (Median: 91.81),PASS
Very High Confidence (>90),75.3%,PASS
Confident Backbone (70-90),5.3%,PASS
Low / IDR Fraction (<70),19.3% (0 IDR loops),PASS
Mean PAE Error,8.75 Å (54.9% pairs < 5 Å),PASS
Clashscore,0.00 clashes / 1000 atoms,FAIL
Ramachandran Distribution,"0.0% Favored, 0.0% Outliers",FAIL
Docking Readiness,Binding site is highly confident (pLDDT = 91.5 >= 80) and stereochemically sound for ligand docking.,PASS
MD Readiness,Globular fold with low disorder (6.0% IDRs). Structure ready for solvated MD simulation.,PASS
